Staples,Heron's Way,Bolton,Greater Manchester,BL2 1HY,53.572163,-2.4185412,APPROXIMATE
Staples,Rampart Way,Telford,Telford and Wrekin,TF3 4AS,52.6792717,-2.4410855,APPROXIMATE
Staples,Grafton Gate,Milton Keynes,Milton Keynes,MK9 1AN,52.0372224,-0.7702752,APPROXIMATE
Staples,North docks,Swansea,Swansea,SA1 2AP,51.6220655,-3.9395653,APPROXIMATE
Staples,North Circular Road,London,Greater London,NW2 7JP,51.5703379,-0.2334786,APPROXIMATE
Staples,Chesterton Road,Cambridge,Cambridgeshire,CB4 3AT,52.2141541,0.1239873,APPROXIMATE
Staples,Junction Street,Leeds,West Yorkshire,LS10 1ET,53.7887656,-1.5405251,APPROXIMATE
Staples,The Peel centre,Bradford,West Yorkshire,BD1 4RB,53.8047101,-1.7547531,APPROXIMATE
Staples,Queen Alexandra Road,High Wycombe,Buckinghamshire,HP11 2JX,51.6267868,-0.7520604,APPROXIMATE
Staples,Wheatley Hall Road,Doncaster,South Yorkshire,DN2 4LP,53.5354148,-1.1224664,APPROXIMATE
Staples,Saint James Mill Road East,Northampton,Northamptonshire,NN1 1ET,52.2312626,-0.9060448,APPROXIMATE
Staples,Winterstoke Road,Bristol,City of Bristol,BS3 2LQ,51.4385678,-2.6199538,APPROXIMATE
Staples,Russell Road,Ipswich,Suffolk,IP1 2BE,52.0535235,1.1457404,APPROXIMATE
Staples,Arthur Street,Chester,Cheshire West and Chester,B6 5RQ,53.1956479,-2.9080415,ROOFTOP
Staples,Arthur Street,Chester,Cheshire West and Chester,S1 4QZ,53.1956479,-2.9080415,ROOFTOP
Staples,New Century Street,Stoke-on-Trent,Stoke-on-Trent,ST1 5QQ,53.0261305,-2.1848951,APPROXIMATE
Staples,Armstrong Way,Willenhall,West Midlands,WV13 2QU,52.5772144,-2.0469123,APPROXIMATE
Staples,Harbour Parade,Southampton,Southampton,SO15 1BA,50.9042096,-1.4100527,APPROXIMATE
Staples,Charlesworth Way,Wakefield,West Yorkshire,WF2 9SE,53.678042,-1.5025662,APPROXIMATE
Staples,Batchelor Road,Cardiff,Cardiff,CF14 3AX,51.5002413,-3.2047211,APPROXIMATE
Staples,Arthur Street,Chester,Cheshire West and Chester,B70 9SJ,53.1956479,-2.9080415,ROOFTOP
Staples,Savage Gardens,London,Greater London,E6 6LG,51.5124389,0.0605807,ROOFTOP
Staples,Winchester Road,Basingstoke,Hampshire,RG22 4AN,51.2509331,-1.1088579,APPROXIMATE
Staples,Medway Street,Chatham,Medway,ME4 4HA,51.3843862,0.5229091,APPROXIMATE
Staples,Victoria Road,Chelmsford,Essex,CM1 1AN,51.7385803,0.4789625,APPROXIMATE
Staples,Garras Wharf,Truro,Cornwall,TR1 1QY,50.2600768,-5.0481525,APPROXIMATE
Staples,Staple Close Lane,Poole,Poole,BH15 3BZ,50.7364913,-1.9800676,GEOMETRIC_CENTER
Staples,Forbury Retail Park,Reading,Reading,RG1 3JD,51.4579355,-0.9632606,APPROXIMATE
Staples,Myton Street,Hull,Kingston upon Hull,HU1 2PS,53.7416158,-0.3432169,APPROXIMATE
Staples,The Boundary,Canterbury,Kent,CT1 3TQ,51.2717368,1.0633531,APPROXIMATE
Staples,Bradley Mills Road,Huddersfield,West Yorkshire,HD1 6PF,53.6578711,-1.7679071,APPROXIMATE
Staples, , , ,BH8 8BQ, , , 
Staples,Arthur Street,Chester,Cheshire West and Chester,B98 8DL,53.1956479,-2.9080415,ROOFTOP
Staples,M20,Ashford,Kent,TN24 8XH,51.1588185,0.8694567,APPROXIMATE
Staples,A47,Norwich,Norfolk,NR5 0JT,52.6534297,1.1804989,APPROXIMATE
Staples,Meadow Lane,Nottingham,Nottinghamshire,NG2 3GZ,52.945638,-1.1332095,APPROXIMATE
Staples,Water Street,Carlisle,Cumbria,CA2 5AF,54.8895507,-2.9336182,APPROXIMATE
Staples,Tritton Road,Lincoln,Lincolnshire,LN6 7AN,53.2231102,-0.5524707,APPROXIMATE
Staples,Eastern Avenue,Gloucester,Gloucestershire,GL4 4LP,51.8554668,-2.2212867,APPROXIMATE
Staples,Greenwich Road,Newport,Newport,NP20 2NN,51.5697449,-3.0045259,APPROXIMATE
Staples,dunelm shrewsbury sundorne,Shrewsbury,Shropshire,SY1 4YA,52.7381097,-2.7185292,APPROXIMATE
Staples,Rochford Road,Southend-on-Sea,,SS2 6FW,51.5676394,0.7032425,APPROXIMATE
Staples,Staplecross Court,Crawley,West Sussex,RH11 7XN,51.1008748,-0.216018,GEOMETRIC_CENTER
Staples,The Path,London,Greater London,SW19 3BL,51.4133613,-0.1941242,APPROXIMATE
Staples,Garrard Way,Swindon,Swindon,SN3 3SQ,51.5704047,-1.7566888,APPROXIMATE
Staples,Mansfield Road,Derby,Derby,DE21 4SY,52.9420537,-1.4643636,APPROXIMATE
Staples,The Forum,Stevenage,Hertfordshire,SG1 1ES,51.904348,-0.2024243,APPROXIMATE
Staples,New Chester Road,Birkenhead,Merseyside,CH41 9DF,53.3864172,-3.0163698,APPROXIMATE
Staples,M5,,,M5 4QU,50.9923147,-3.0950768,GEOMETRIC_CENTER
Staples,Multiplex Building Furrlongs,Newport,Isle of Wight,PO30 2TA,50.6989623,-1.2892301,APPROXIMATE
Staples,Marchfields Way,Weston-super-Mare,North Somerset,BS23 3YY,51.3380819,-2.9624433,APPROXIMATE
Staples,Carpet Trades Way,Kidderminster,Worcestershire,DY11 6XP,52.3916762,-2.25413,APPROXIMATE
Staples,Riviera Way,Torquay,Torbay,TQ2 7AP,50.483426,-3.5494847,APPROXIMATE
Staples,Bretonside Business Station,Plymouth,Plymouth,PL4 0BG,50.3707259,-4.1376282,APPROXIMATE
Staples,Conway Road,Llandudno,Conwy,LL30 1HA,53.3189852,-3.8203277,APPROXIMATE
Staples,Birmingham Road,Stratford-upon-Avon,Warwickshire,CV37 0BT,52.1992853,-1.714208,APPROXIMATE
Staples,Lottbridge Drove,Eastbourne,East Sussex,BN22 7SG,50.7850747,0.307109,APPROXIMATE
Staples,Belton Road West Extension,Loughborough,Leicestershire,LE11 5XH,52.7808823,-1.2155668,APPROXIMATE
Staples,Northolt Road,Harrow,Greater London,HA2 0EG,51.5676686,-0.3521466,APPROXIMATE
Staples,George Street,Worcester,Worcestershire,WR1 2DD,52.193485,-2.214446,APPROXIMATE
Staples,Fuller's Hill,Great Yarmouth,Norfolk,NR30 1PR,52.6112981,1.7253495,APPROXIMATE
Staples,Broadcut,Fareham,Hampshire,PO16 8SU,50.8582693,-1.1732918,APPROXIMATE
Staples,Spittals Way,Huntingdon,Cambridgeshire,PE29 7DZ,52.3527789,-0.184373,APPROXIMATE
Staples,London Road,Hemel Hempstead,Hertfordshire,HP3 9AA,51.7392582,-0.4742204,APPROXIMATE
Staples, , , ,RM6 4BN, , , 
Staples,Poorhole Lane,Broadstairs,Kent,CT10 2RQ,51.3615844,1.3983259,APPROXIMATE
Staples,Church Road,Chichester,West Sussex,PO19 7YH,50.8411859,-0.7567694,APPROXIMATE
Staples,Burrfields Road,Portsmouth,Portsmouth,PO3 5LZ,50.8158366,-1.0541784,APPROXIMATE
Staples,Huntingdon Street,Nottingham,Nottinghamshire,NG1 3NL,52.9577786,-1.1450396,APPROXIMATE
Staples,Burton Street,Leicester,Leicester,LE1 1TE,52.6365731,-1.1238281,APPROXIMATE
Staples,Farnham Road,Slough,Slough,SL1 4XB,51.5229354,-0.6161494,APPROXIMATE
Staples,Russell Place,Cheltenham,Gloucestershire,GL51 9AD,51.9076914,-2.0867055,APPROXIMATE
Staples,Unit 6,Coventry,West Midlands,CV5 8BW,52.411292,-1.5283691,APPROXIMATE
Staples,Park End Street,Oxford,Oxfordshire,OX1 1HH,51.7529263,-1.2655702,APPROXIMATE
Staples,Retail Park Close,Exeter,Devon,EX2 8LH,50.7096027,-3.5359547,APPROXIMATE
Staples,Arthur Street,Chester,Cheshire West and Chester,CH1 4LD,53.1956479,-2.9080415,ROOFTOP
Staples,Old Kent Road,London,Greater London,SE15 1JU,51.482951,-0.0631798,APPROXIMATE
Staples,Staples,York,York,YO31 7UP,53.9605156,-1.0722894,ROOFTOP
Staples,Arthur Street,Chester,Cheshire West and Chester,N15 4QD,53.1956479,-2.9080415,ROOFTOP
Staples,Corporation Street,Preston,Lancashire,PR1 2UQ,53.7603487,-2.7060175,APPROXIMATE
Staples,Castle Street,Luton,Luton,LU1 3AJ,51.8746637,-0.4169674,APPROXIMATE
Staples,Arthur Street,Chester,Cheshire West and Chester,G4 0PT,53.1956479,-2.9080415,ROOFTOP
Staples,Squires Gate Lane,Blackpool,Lancashire,FY4 2QS,53.7779087,-3.042789,APPROXIMATE
Staples,Chandos House Heron Gate,Taunton,Somerset,TA1 2LR,51.0209775,-3.0643045,APPROXIMATE
Staples,East Road,Harlow,Essex,CM20 2SX,51.7852813,0.1224694,APPROXIMATE
Staples,Newmarket Road,Cambridge,Cambridgeshire,CB5 8JG,52.211993,0.1479927,APPROXIMATE
Staples,School Brow,Warrington,Warrington,WA1 2TA,53.3913967,-2.5849523,APPROXIMATE
Staples,Wellington Road,Bristol,City of Bristol,BS2 9DA,51.4602363,-2.5816433,APPROXIMATE
Staples,Arthur Street,Chester,Cheshire West and Chester,B90 3DN,53.1956479,-2.9080415,ROOFTOP
Staples,Cultins Road,Edinburgh,Edinburgh,EH11 4DF,55.9254417,-3.3055925,APPROXIMATE
Staples,Kirkstall Road,Leeds,West Yorkshire,LS3 1LH,53.8000006,-1.5671086,APPROXIMATE
Staples,Bourges Boulevard,Peterborough,Peterborough,PE1 2HS,52.5968473,-0.2638041,APPROXIMATE
Staples,Arthur Street,Chester,Cheshire West and Chester,L6 1HR,53.1956479,-2.9080415,ROOFTOP
Staples,Southam Road,Banbury,Oxfordshire,OX16 2RR,52.0702085,-1.3382258,APPROXIMATE
Staples,East Street,Epsom,Surrey,KT17 1BD,51.3358804,-0.2630796,APPROXIMATE
Staples,Vale Park Drive,Aylesbury,Buckinghamshire,HP20 1DH,51.8181132,-0.8051486,APPROXIMATE
Staples,Harbury Court,Newbury,West Berkshire,RG14 7HZ,51.3972794,-1.3198048,APPROXIMATE
Staples,Uxbridge Road,Hayes,Greater London,UB4 0RH,51.5127114,-0.3945401,APPROXIMATE
Staples,Worthing Road,Horsham,West Sussex,RH12 1AJ,51.0620597,-0.3354837,APPROXIMATE
Staples,Saint Albans Road,Watford,Hertfordshire,WD24 4BX,51.6675196,-0.3971569,APPROXIMATE
Staples,Brighton Road,Stockport,Greater Manchester,SK4 2BE,53.4094051,-2.1795753,APPROXIMATE
Staples,Great Oaks,Basildon,Essex,SS14 1GB,51.5721893,0.4622913,APPROXIMATE
Staples,Gibside Way,Gateshead,Tyne and Wear,NE11 9XU,54.9600318,-1.6752508,APPROXIMATE
Staples,Peninsular Park Road,London,Greater London,SE7 7TZ,51.4886663,0.0207238,APPROXIMATE
Staples,Goodwood Square,Stockton-on-Tees,,TS17 7BW,54.5563612,-1.2731189,APPROXIMATE
Staples,Bedford Road,Aberdeen,Aberdeen City,AB24 3LJ,57.1613429,-2.1121401,APPROXIMATE
Staples,George Richards Way,Altrincham,Greater Manchester,WA14 5GR,53.3998145,-2.3557704,APPROXIMATE
Staples,Arthur Street,Chester,Cheshire West and Chester,W3 0TA,53.1956479,-2.9080415,ROOFTOP
Staples,Dowding Way,Tunbridge Wells,Kent,TN2 3UY,51.1552145,0.2850978,APPROXIMATE
Staples,Davigdor Road,Hove,The City of Brighton and Hove,BN3 1SF,50.8324871,-0.1562378,APPROXIMATE
DHL Express,Great South-West Road,Hounslow,Greater London,TW4 6JS,51.4700136,-0.4088678,APPROXIMATE
DHL Express,Birches Industrial Estate,East Grinstead,West Sussex,RH19 1XZ,51.1356844,-0.0390385,APPROXIMATE
DHL Express,Edgewater Road,Belfast,,BT3 9JQ,54.6335419,-5.9009438,APPROXIMATE
DHL Express,Beddington Cross,Croydon,Greater London,CR0 4XH,51.3833397,-0.1330361,APPROXIMATE
DHL Express,Boundary Way,Hemel Hempstead,Hertfordshire,HP2 7SU,51.7642009,-0.4345139,APPROXIMATE
DHL Express,Ponton Road,London,Greater London,SW8 5BA,51.481141,-0.132314,APPROXIMATE
DHL Express,Commercial Way,London,Greater London,NW10 7NZ,51.5328258,-0.2725676,ROOFTOP
DHL Express,Terminal Building,Aberdeen,Aberdeen City,AB21 7DU,57.2004926,-2.2034337,APPROXIMATE
DHL Express,Chariot Drive,Newbridge,Edinburgh,EH28 8PA,55.9362793,-3.4035626,APPROXIMATE
DHL Express,West Avenue,Paisley,Renfrewshire,PA1 2FB,55.8435542,-4.4773209,APPROXIMATE
DHL Express,Harbour Road,Inverness,Highland,IV1 1UA,57.484341,-4.2148072,APPROXIMATE
DHL Express,Millshaw Park Avenue,Leeds,West Yorkshire,LS11 0LR,53.7635694,-1.5789816,APPROXIMATE
DHL Express,Commercial Way,London,Greater London,L24 8RF,51.5328258,-0.2725676,ROOFTOP
DHL Express,Commercial Way,London,Greater London,M17 1SW,51.5328258,-0.2725676,ROOFTOP
DHL Express,Eleventh Avenue,Gateshead,Tyne and Wear,NE11 0JY,54.9234821,-1.6073614,APPROXIMATE
DHL Express,Commercial Way,London,Greater London,S9 2LQ,51.5328258,-0.2725676,ROOFTOP
DHL Express,Easter Park,Stockton-on-Tees,Stockton-on-Tees,TS17 9NT,54.5226786,-1.2868648,APPROXIMATE
DHL Express,Commercial Way,London,Greater London,B76 1AL,51.5328258,-0.2725676,ROOFTOP
DHL Express,Papworth Business Park Stirling Way,Cambridge,Cambridgeshire,CB23 3GY,52.2433446,-0.1098932,APPROXIMATE
DHL Express,East Midlands Airport,Derby,Leicestershire,DE74 2SA,52.8264721,-1.3306269,APPROXIMATE
DHL Express,The Spire Green Centre,Harlow,Essex,CM19 5TR,51.7634131,0.0633012,APPROXIMATE
DHL Express,Gloster Road,Ipswich,Suffolk,IP5 3RD,52.0626588,1.2790246,APPROXIMATE
DHL Express,Aber Road,Flint,Flintshire,CH6 5EX,53.2508627,-3.1432654,APPROXIMATE
DHL Express,Hartburn Close,Northampton,Northamptonshire,NN3 9UE,52.2476384,-0.8097578,APPROXIMATE
DHL Express,Winpenny Road,Newcastle,Staffordshire,ST5 7RH,53.0464278,-2.2402921,APPROXIMATE
DHL Express,Stafford Park 7,Telford,Telford and Wrekin,TF3 3BQ,52.680141,-2.4271016,APPROXIMATE
DHL Express,Lysander Road,Bristol,South Gloucestershire,BS10 7DD,51.5232177,-2.609111,APPROXIMATE
DHL Express,Seax Way,Basildon,Essex,SS15 6SW,51.5785242,0.4035702,APPROXIMATE
DHL Express,Sheldon Way,Aylesford,Kent,ME20 6SP,51.3055007,0.4471973,APPROXIMATE
DHL Express,A467,Newport,Newport,NP10 9DQ,51.5822421,-3.0478542,APPROXIMATE
DHL Express,Brook House,Abingdon,Oxfordshire,OX14 4SE,51.6240321,-1.2810291,APPROXIMATE
DHL Express,Worton Drive Imperial Way,Reading,Reading,RG2 0TG,51.4215501,-0.9750574,APPROXIMATE
DHL Express,Tower Lane,Eastleigh,Hampshire,SO50 6NZ,50.9648084,-1.3456465,APPROXIMATE
DHL Express,Dunbeath Road,Swindon,Swindon,SN2 8EA,51.5747818,-1.7691905,APPROXIMATE
DHL Express,Mushroom Road,Exeter,Devon,EX5 1SB,50.7105466,-3.4152395,APPROXIMATE
DHL Express,Commercial Way,London,Greater London,E16 4SP,51.5328258,-0.2725676,ROOFTOP
DHL Express,Alexandra Way,Tewkesbury,Gloucestershire,GL20 8NB,51.999091,-2.1182573,APPROXIMATE
DHL Express,Wapping Lane,London,Greater London,E1W 2DA,51.5084038,-0.0579647,APPROXIMATE
DHL Express, , , ,IM2 2SE, , , 
Cartridge World,New Road Side,Leeds,West Yorkshire,LS18 4QB,53.8322897,-1.6420484,APPROXIMATE
Cartridge World,Stainburn Drive,Leeds,West Yorkshire,LS17 6NA,53.838705,-1.5355716,ROOFTOP
Cartridge World,Station Road,Leeds,West Yorkshire,LS15 7JZ,53.8072006,-1.4527805,APPROXIMATE
Cartridge World,Nantwich Road,Crewe,Cheshire East,E6 3BA,53.0881169,-2.4431274,ROOFTOP
WHSmith,Horsemarket,Kelso,Scottish Borders,TD5 7HA,55.59882,-2.433025,APPROXIMATE
WHSmith, , , ,KA1 1MP, , , 
WHSmith,High Street,Kirkcaldy,Fife,KY1 1JA,56.1111108,-3.1587019,APPROXIMATE
WHSmith,High Street,Lanark,South Lanarkshire,ML11 7LN,55.6738441,-3.7773242,APPROXIMATE
WHSmith,Main Street,Largs,North Ayrshire,KA30 8AL,55.7938562,-4.8687472,APPROXIMATE
WHSmith,Parade,Leamington Spa,Warwickshire,CV32 4DD,52.2916535,-1.5360619,APPROXIMATE
WHSmith,Thoroughfare,Woodbridge,Suffolk,IP12 1AQ,52.0929262,1.3181307,APPROXIMATE
WHSmith,Leys Avenue,Letchworth Garden City,Hertfordshire,SG6 3EA,51.9790296,-0.2276264,APPROXIMATE
WHSmith,High Street,Leven,Fife,KY8 4NE,56.1944733,-2.9970935,APPROXIMATE
WHSmith,London Road North,Lowestoft,Suffolk,NR32 1LS,52.4758793,1.7518489,APPROXIMATE
WHSmith,High Street,Maldon,Essex,CM9 5ET,51.7308691,0.6802139,APPROXIMATE
WHSmith,Market Place,Melton Mowbray,Leicestershire,LE13 1XD,52.7643947,-0.8861983,APPROXIMATE
WHSmith,The Parade,Minehead,Somerset,TA24 5UG,51.205682,-3.477291,APPROXIMATE
WHSmith,High Street,Newtown,Powys,SY16 2NP,52.5147941,-3.3162108,APPROXIMATE
WHSmith,Gentleman's Walk,Norwich,Norfolk,NR2 1NA,52.6283232,1.2935176,APPROXIMATE
WHSmith,Cray Avenue,Orpington,Greater London,BR5 3RP,51.3927956,0.1129063,APPROXIMATE
WHSmith,Glenugie Gardens,Peterhead,Aberdeenshire,AB42 2PR,57.4898813,-1.8020174,APPROXIMATE
WHSmith,Market Place,Rugby,Warwickshire,CV21 3DY,52.3724324,-1.2621423,APPROXIMATE
WHSmith,Fore Street,Saint Austell,Cornwall,PL25 5PN,50.3381316,-4.7945342,APPROXIMATE
WHSmith,King Street,Saffron Walden,Essex,CB10 1ES,52.0234886,0.2399181,APPROXIMATE
WHSmith,High Street,Sittingbourne,Kent,ME10 4PH,51.3403491,0.7349896,APPROXIMATE
WHSmith,High Street,Southend-on-Sea,Southend-on-Sea,SS1 1LN,51.5398275,0.7115737,APPROXIMATE
WHSmith,Hall Place,Spalding,Lincolnshire,PE11 1SA,52.7872244,-0.1523834,APPROXIMATE
WHSmith,High Street,Stamford,Lincolnshire,PE9 2AL,52.652393,-0.4790552,APPROXIMATE
WHSmith,Queensway,Stevenage,Hertfordshire,SG1 1EA,51.9036115,-0.2013053,APPROXIMATE
WHSmith,George Street,Stranraer,Dumfries and Galloway,DG9 7RJ,54.9045294,-5.02729,APPROXIMATE
WHSmith,North Street,Sudbury,Suffolk,CO10 1RB,52.0401317,0.730532,APPROXIMATE
WHSmith,Fore Street,Taunton,Somerset,TA1 1NE,51.0146163,-3.1015375,APPROXIMATE
WHSmith, , , ,PL19 OBA, , , 
WHSmith,Kings Park,Wantage,Oxfordshire,OX12 9AJ,51.5903563,-1.4258521,APPROXIMATE
WHSmith,The Howard Centre,Welwyn Garden City,Hertfordshire,AL8 6HA,51.801207,-0.2045717,APPROXIMATE
WHSmith,High Street,Weston-super-Mare,North Somerset,BS23 1JA,51.3482285,-2.9782785,APPROXIMATE
WHSmith,High Street,West Wickham,Greater London,BR4 0LR,51.3759384,-0.0169917,APPROXIMATE
WHSmith,Mirfield Road,Witney,Oxfordshire,OX28 5BB,51.7839184,-1.5023622,APPROXIMATE
WHSmith,Central Road,Worcester Park,Greater London,KT4 8DT,51.3791473,-0.2434084,APPROXIMATE
WHSmith,Middle Street,Yeovil,Somerset,BA20 1LZ,50.9413884,-2.6316478,APPROXIMATE
WHSmith,Terrace Road,Aberystwyth,Ceredigion,SY23 2AB,52.4157121,-4.0836337,APPROXIMATE
WHSmith,Graham Street,Airdrie,North Lanarkshire,ML6 6BU,55.865924,-3.9797829,APPROXIMATE
WHSmith,High Street,Arbroath,Angus,DD11 1HY,56.5608481,-2.5832078,APPROXIMATE
WHSmith,Castle Street,Banbury,Oxfordshire,OX16 5UE,52.0624667,-1.3348977,APPROXIMATE
WHSmith,High Street,Banchory,Aberdeenshire,AB31 5TJ,57.0514113,-2.5024089,APPROXIMATE
WHSmith,Portland Walk,Barrow-in-Furness,Cumbria,LA14 1DB,54.1129217,-3.2262162,APPROXIMATE
WHSmith,Town Square,Basildon,Essex,SS14 1BA,51.5706849,0.4576929,APPROXIMATE
WHSmith,High Street,Beckenham,Greater London,BR3 1EW,51.4074816,-0.0279644,APPROXIMATE
WHSmith,Marygate,Berwick-upon-Tweed,Northumberland,TD15 1BA,55.7699875,-2.0050428,APPROXIMATE
WHSmith,Crown Walk,Bicester,Oxfordshire,OX26 6HY,51.8973399,-1.1515892,APPROXIMATE
WHSmith,South Street,Bishop's Stortford,Hertfordshire,CM23 3AB,51.8696345,0.1607503,APPROXIMATE
WHSmith,Greenbridge Road,Swindon,Swindon,G51 4BP,51.5664202,-1.7515339,ROOFTOP
WHSmith,George Yard Shopping Centre,Braintree,Essex,CM7 1RB,51.8786035,0.5499239,APPROXIMATE
WHSmith,Cornhill,Bury Saint Edmunds,Suffolk,IP33 1DY,52.24619,0.7117311,APPROXIMATE
WHSmith,Market Street,Cambridge,Cambridgeshire,CB2 3PE,52.2065198,0.1194958,APPROXIMATE
WHSmith,Queen Street,Cardiff,Cardiff,CF10 2NX,51.4825886,-3.1747474,APPROXIMATE
WHSmith,Church Walk,Caterham,Surrey,CR3 6RT,51.281556,-0.077256,APPROXIMATE
WHSmith,Winslade Way,London,Greater London,SE6 4JU,51.4462668,-0.0204654,APPROXIMATE
WHSmith,Pentagon Centre,Chatham,Medway,ME4 4DP,51.3837342,0.5256184,APPROXIMATE
WHSmith,Lion Walk,Colchester,Essex,CO1 1LX,51.8882897,0.9007241,APPROXIMATE
WHSmith,pound way,Oxford,Oxfordshire,OX4 3XD,51.7318429,-1.2156372,APPROXIMATE
WHSmith,Crossgate,Cupar,Fife,KY15 5HH,56.3190335,-3.0110574,APPROXIMATE
WHSmith,,Greenhithe,Kent,DA9 9SL,51.4391631,0.2701772,APPROXIMATE
WHSmith,High Street,Dartford,Kent,DA1 1DT,51.4440994,0.2180963,APPROXIMATE
WHSmith,Biggin Street,Dover,Kent,CT16 1DB,51.1263164,1.311756,APPROXIMATE
WHSmith,,Dundee,Dundee City,DD1 1UF,56.460029,-2.9729177,APPROXIMATE
WHSmith,High Street,Dunfermline,Fife,KY12 7DR,56.0712353,-3.4600973,APPROXIMATE
WHSmith,Greenbridge Road,Swindon,Swindon,G74 1LW,51.5664202,-1.7515339,ROOFTOP
WHSmith,Eltham High Street,London,Greater London,SE9 1BW,51.450413,0.0532165,APPROXIMATE
WHSmith,Ashley Avenue,Epsom,Surrey,KT18 5DB,51.3324296,-0.2693109,APPROXIMATE
WHSmith,High Street,Falmouth,Cornwall,TR11 2AF,50.1574633,-5.0723238,APPROXIMATE
WHSmith,Hamilton Road,Felixstowe,Suffolk,IP11 7AJ,51.96279,1.3516736,APPROXIMATE
WHSmith,The Gosforth Centre,Newcastle upon Tyne,Tyne and Wear,NE3 1JZ,55.0053764,-1.6194139,APPROXIMATE
WHSmith,Victoria Street West,Grimsby,North East Lincolnshire,DN31 1ED,53.5659866,-0.0862794,APPROXIMATE
WHSmith,Regent Way,Hamilton,South Lanarkshire,ML3 7DZ,55.7746108,-4.0340798,APPROXIMATE
WHSmith,Greenbridge Road,Swindon,Swindon,B17 9NR,51.5664202,-1.7515339,ROOFTOP
WHSmith,Broad Walk,Harlow,Essex,CM20 1JD,51.7696146,0.0939926,APPROXIMATE
WHSmith,High Street,Hawick,Scottish Borders,TD9 9EE,55.4232363,-2.7858843,APPROXIMATE
WHSmith,Greenbridge Road,Swindon,Swindon,G84 8SR,51.5664202,-1.7515339,ROOFTOP
WHSmith,High Street,Hereford,Herefordshire,HR1 2AB,52.0562775,-2.715819,APPROXIMATE
WHSmith,Bircherley Green,Hertford,Hertfordshire,SG14 1BN,51.7974368,-0.0770412,APPROXIMATE
WHSmith, , , ,SG5 1NE, , , 
WHSmith,Westgate Street,Ipswich,Suffolk,IP1 3EG,52.0583687,1.1518881,APPROXIMATE
WHSmith,Lister Gate,Nottingham,Nottinghamshire,NG1 7DD,52.9509305,-1.1490593,APPROXIMATE
Safestore,Bryant House,Stockport,Greater Manchester,SK4 1HS,53.4140322,-2.1686573,APPROXIMATE
Safestore,Reddish Road,Stockport,Greater Manchester,SK5 7BW,53.4348234,-2.1593715,ROOFTOP
Safestore,Safestore House,Oldham,Greater Manchester,N16 7TX,53.5261006,-2.1359396,ROOFTOP
Safestore,Colima Avenue,Sunderland,Tyne and Wear,SR5 3XF,54.9169945,-1.4341997,APPROXIMATE
Safestore,Wested Lane,Swanley,Kent,BR8 8EE,51.3876933,0.1899697,APPROXIMATE
Safestore,Bendon Valley,London,Greater London,SW18 4LZ,51.4463682,-0.1926496,APPROXIMATE
Safestore,Winwick Quay,Warrington,Warrington,WA2 8QT,53.4172196,-2.599751,APPROXIMATE
Safestore,Safestore House,Oldham,Greater Manchester,E1 2EN,53.5261006,-2.1359396,ROOFTOP
Safestore,The Path,London,Greater London,SW19 3BL,51.4133613,-0.1941242,APPROXIMATE
Safestore,Safestore House,Oldham,Greater Manchester,N22 6UP,53.5261006,-2.1359396,ROOFTOP
Safestore,White House Road,Ipswich,Suffolk,IP1 5NX,52.0817683,1.1168381,APPROXIMATE
Safestore,Abbey Lane,Leicester,Leicester,LE4 5QU,52.6540574,-1.1371381,APPROXIMATE
Safestore,Ripple Road,Barking,Greater London,IG11 0TT,51.5312207,0.1254811,APPROXIMATE
Safestore,Safestore House,Oldham,Greater Manchester,L1 0BG,53.5261006,-2.1359396,ROOFTOP
Safestore,Newport Road,Cardiff,Cardiff,CF23 9AE,51.4965067,-3.1402723,APPROXIMATE
Safestore,Timber Mill Way,London,Greater London,SW4 6LY,51.4670297,-0.1338837,APPROXIMATE
Safestore,Safestore House,Oldham,Greater Manchester,N11 2UD,53.5261006,-2.1359396,ROOFTOP
Safestore,London Road,Staines,Surrey,TW18 4HL,51.4371318,-0.4984076,APPROXIMATE
Ryman,Cheapside,London,Greater London,EC2V 6BT,51.5145141,-0.0949613,APPROXIMATE
Ryman,Albemarle Street,London,Greater London,W1S 4DH,51.5081078,-0.1412555,APPROXIMATE
Ryman,The Exchange Mall,Ilford,Greater London,IG1 1RS,51.5591636,0.0725815,APPROXIMATE
Ryman,Victoria Street,London,Greater London,SW1H 0QD,51.497875,-0.1333733,ROOFTOP
Ryman,Fleet Street,London,Greater London,EC4A 2BU,51.5143823,-0.1073759,APPROXIMATE
Ryman,Earls Court Road,London,Greater London,SW5 9QB,51.4921824,-0.1936473,APPROXIMATE
Ryman,The Wardrobe,Richmond,Greater London,TW9 1PB,51.4614051,-0.3090766,APPROXIMATE
Ryman,London Wall,London,Greater London,EC2M 5TE,51.5169475,-0.0881143,APPROXIMATE
Ryman,Old Brompton Road,London,Greater London,W6 9HR,51.4929934,-0.1767887,ROOFTOP
Ryman,Camden High Street,London,Greater London,NW1 7BT,51.539236,-0.1432897,APPROXIMATE
Ryman,Queensway,London,Greater London,W2 1ET,51.5133354,-0.1879002,ROOFTOP
Ryman,Ilminster Gardens,London,Greater London,SW11 1PJ,51.4629785,-0.1666563,APPROXIMATE
Ryman,Queensway,London,Greater London,W2 4SJ,51.5133354,-0.1879002,ROOFTOP
Ryman,North End Road,London,Greater London,SW6 1NL,51.4851902,-0.2026807,APPROXIMATE
Ryman,Old Brompton Road,London,Greater London,E17 7BH,51.4929934,-0.1767887,ROOFTOP
Ryman,Borough High Street,London,Greater London,SE1 7RJ,51.5043787,-0.0897764,ROOFTOP
Ryman,Broadway,Bexleyheath,Greater London,DA6 7HF,51.4565798,0.143762,APPROXIMATE
Ryman,Golders Green Road,London,Greater London,NW11 8EE,51.5719456,-0.1971829,APPROXIMATE
Ryman,Stewards Walk,Romford,Greater London,RM1 3RJ,51.5772316,0.1825877,APPROXIMATE
Ryman,High Street,Staines,Surrey,TW18 4DY,51.4342228,-0.5114509,APPROXIMATE
Ryman,The Parade,Watford,Hertfordshire,WD17 1LQ,51.6571581,-0.3982743,APPROXIMATE
Ryman,Old Brompton Road,London,Greater London,W8 4SG,51.4929934,-0.1767887,ROOFTOP
Ryman,Wellington Street,Aldershot,Hampshire,GU11 1DB,51.2488555,-0.7642933,APPROXIMATE
Ryman,Saint John Street,Ashbourne,Derbyshire,DE6 1GH,53.017514,-1.7317474,APPROXIMATE
Ryman,,Birkenhead,Merseyside,CH41 2ZL,53.3893878,-3.0263798,APPROXIMATE
Ryman,Old Brompton Road,London,Greater London,B42 1AA,51.4929934,-0.1767887,ROOFTOP
Ryman,Abingdon Street,Blackpool,Blackpool,FY1 1DA,53.8190402,-3.0519826,APPROXIMATE
Ryman,The Promenades Shopping Centre,Bridlington,East Riding of Yorkshire,YO15 2DX,54.0833375,-0.1896582,APPROXIMATE
Ryman,North Street,Brighton,The City of Brighton and Hove,BN1 1RH,50.823167,-0.1424492,APPROXIMATE
Ryman,Queens Road,Bristol,City of Bristol,BS8 1QQ,51.4562164,-2.606592,APPROXIMATE
Ryman,Burgate,Canterbury,Kent,CT1 2HG,51.2785581,1.083426,APPROXIMATE
Ryman,Saint Albans Row,Carlisle,Cumbria,CA3 8JF,54.8948089,-2.9358293,APPROXIMATE
Ryman,Carlton Street,Castleford,West Yorkshire,WF10 1AD,53.7257615,-1.3505953,APPROXIMATE
Ryman,Old Brompton Road,London,Greater London,G81 2RZ,51.4929934,-0.1767887,ROOFTOP
Ryman,Hertford Street,Coventry,West Midlands,CV1 1LF,52.4067741,-1.5116595,APPROXIMATE
Ryman,Monmouth Walk,Cwmbran,Torfaen,NP44 1PE,51.6520498,-3.0216958,APPROXIMATE
Ryman,James Craig Walk,Edinburgh,Edinburgh,EH1 3SN,55.9548425,-3.1884308,APPROXIMATE
Ryman,Old Brompton Road,London,Greater London,B23 6RS,51.4929934,-0.1767887,ROOFTOP
Ryman,Unicorn Way,Glenrothes,Fife,KY7 5NU,56.1958063,-3.1737767,APPROXIMATE
Ryman,Kempthorne Street,Gravesend,Kent,DA11 0TA,51.4429884,0.3668431,APPROXIMATE
Ryman,Old Brompton Road,London,Greater London,M13 9RN,51.4929934,-0.1767887,ROOFTOP
Ryman,Castle Street,Hinckley,Leicestershire,LE10 1DA,52.5417191,-1.3698072,APPROXIMATE
Ryman,Bath Street,Ilkeston,Derbyshire,DE7 8AG,52.9728531,-1.307982,APPROXIMATE
Ryman,High Street,King's Lynn,Norfolk,PE30 1BP,52.7532638,0.3960006,APPROXIMATE
Ryman,Derby Street,Leek,Staffordshire,ST13 5AB,53.1056007,-2.0238733,APPROXIMATE
Ryman,Haymarket,Leicester,Leicester,LE1 3GD,52.6366417,-1.133151,APPROXIMATE
Ryman,Spinning Jenny Way,Leigh,Greater Manchester,WN7 4PG,53.4954381,-2.5171653,APPROXIMATE
Ryman,Gresley Row,Lichfield,Staffordshire,WS13 6JF,52.6828309,-1.8240777,APPROXIMATE
Ryman,Old Brompton Road,London,Greater London,L1 1LP,51.4929934,-0.1767887,ROOFTOP
Ryman,The Strand,Stoke-on-Trent,Stoke-on-Trent,ST3 2NS,52.9876593,-2.1367053,APPROXIMATE
Ryman,Friars Street,Newcastle upon Tyne,Tyne and Wear,NE1 7XQ,54.9738151,-1.6160567,APPROXIMATE
Ryman,Exchange Walk,Nottingham,Nottinghamshire,NG1 2NX,52.9526918,-1.1489652,APPROXIMATE
Ryman,Old Brompton Road,London,Greater London,M33 7ZZ,51.4929934,-0.1767887,ROOFTOP
Ryman,Green End,Oswestry,Shropshire,SY11 1BU,52.8662328,-3.0581656,APPROXIMATE
Ryman,Southway,Skelmersdale,Lancashire,WN8 6LN,53.5498767,-2.7742915,APPROXIMATE
Ryman,PO Box 522 9 Park Street,Slough,Slough,SL1 1LD,51.5082709,-0.5846185,APPROXIMATE
Ryman,Market Street,St Andrews,Fife,KY16 9PD,56.3401156,-2.797583,APPROXIMATE
Ryman,Gaolgate Street,Stafford,Staffordshire,ST16 2NT,52.8084234,-2.1177907,APPROXIMATE
Ryman,The Idlewells,Sutton-in-Ashfield,Nottinghamshire,NG17 1BJ,53.1255059,-1.2625392,APPROXIMATE
Ryman,Havelock Street,Swindon,Swindon,SN1 1LE,51.560336,-1.7851746,APPROXIMATE
Ryman,Old Brompton Road,London,Greater London,B79 7LQ,51.4929934,-0.1767887,ROOFTOP
Ryman,The Galleries,Washington,Tyne and Wear,NE38 7SA,54.9000963,-1.5327237,APPROXIMATE
Ryman, , , ,GU21 1GB, , , 
Ryman,Friary Walk,Worcester,Worcestershire,WR1 3LE,52.1931155,-2.2239415,APPROXIMATE
Ryman,Murray Road,Workington,Cumbria,CA14 2AB,54.6439077,-3.546553,APPROXIMATE
Ryman,North Walk,Bristol,South Gloucestershire,BS37 4AP,51.5407586,-2.413562,APPROXIMATE
Ryman,Gower Street,London,Greater London,WC1E 6EQ ,51.5224669,-0.1320795,APPROXIMATE
Ryman,Queensway,London,Greater London,W2 1NR,51.5133354,-0.1879002,ROOFTOP
Ryman,Old Brompton Road,London,Greater London,E14 4QT,51.4929934,-0.1767887,ROOFTOP
Ryman,Bevan John House,London,Greater London,WC1N 3NL,51.5210687,-0.1182988,APPROXIMATE
Ryman,Shepherd Market,London,Greater London,W1J 7QB,51.5063965,-0.1461957,APPROXIMATE
Ryman,Sidney Street,Cambridge,Cambridgeshire,CB2 3HX,52.2066892,0.1200746,APPROXIMATE
Ryman,Queen Street,Salisbury,Wiltshire,SP1 1EY,51.0691856,-1.7939186,APPROXIMATE
Ryman,Ryman The Stationer,Horsham,West Sussex,RH12 1NW,51.0623896,-0.3284227,ROOFTOP
Ryman,Coppergate,York,York,YO1 9NR,53.9577183,-1.0809037,APPROXIMATE
Ryman,Cherry Tree Walk,London,Greater London,EC1Y 8NX,51.5218457,-0.0923633,APPROXIMATE
Ryman,East Street,Chichester,West Sussex,PO19 1HX,50.8363383,-0.7754454,APPROXIMATE
Ryman,Monson Road,Tunbridge Wells,Kent,TN1 1ND,51.1335277,0.2654015,APPROXIMATE
Ryman,Spring Gardens,Buxton,Derbyshire,SK17 6DF,53.2596223,-1.9118012,APPROXIMATE
Ryman,Victoria Street,Crewe,Cheshire East,CW1 2PU,53.0996739,-2.4425086,APPROXIMATE
Ryman,New Street,Telford,Telford and Wrekin,TF1 1NE,52.7003426,-2.516932,APPROXIMATE
Ryman,The Harlequin,Watford,Hertfordshire,WD17 2TF,51.6550571,-0.3925802,APPROXIMATE
Ryman,Nicholsons Lane,Maidenhead,Windsor and Maidenhead,SL6 1LL,51.5219864,-0.7219334,APPROXIMATE
Ryman,Old Brompton Road,London,Greater London,B31 2JU,51.4929934,-0.1767887,ROOFTOP
Ryman,Queensway,Stevenage,Hertfordshire,SG1 1EA,51.9036115,-0.2013053,APPROXIMATE
Ryman,High Road,Nottingham,Nottinghamshire,NG9 2JQ,52.9276576,-1.2144938,APPROXIMATE
Ryman,The Swan Centre,Eastleigh,Hampshire,SO50 5SG,50.9667943,-1.353451,APPROXIMATE
Ryman,Spring Hill,Blackburn,Blackburn with Darwen,BB1 7JB,53.7488286,-2.4825603,APPROXIMATE
Ryman,High Street,Dartford,Kent,DA1 1DT,51.4440994,0.2180963,APPROXIMATE
Ryman,Saint Sepulchre Gate,Doncaster,South Yorkshire,DN1 1UB,53.5219757,-1.1359119,APPROXIMATE
Ryman,High Street,Dudley,West Midlands,DY1 1PN,52.5098696,-2.0827618,APPROXIMATE
Ryman,,Hull,Kingston upon Hull,HU2 8PW,53.7459578,-0.3438801,APPROXIMATE
Ryman,London Road North,Lowestoft,Suffolk,NR32 1LS,52.4758793,1.7518489,APPROXIMATE
Ryman,Earl Street,Maidstone,Kent,ME14 1PF,51.2745288,0.5208276,APPROXIMATE
Ryman,Market Jew Street,Penzance,Cornwall,TR18 2HN,50.1193388,-5.5359193,APPROXIMATE
Ryman,Station Road,Redhill,Surrey,RH1 1QH,51.2406813,-0.1691042,APPROXIMATE
Ryman,Westborough,Scarborough,North Yorkshire,YO11 1UT,54.2808052,-0.4036055,APPROXIMATE
Ryman,High Ousegate,York,York,YO1 8RZ,53.9581989,-1.081457,APPROXIMATE
Ryman,Fitzroy Street,Cambridge,Cambridgeshire,CB1 1ER,52.2068898,0.1304027,APPROXIMATE
Ryman,Great Portland Street,London,Greater London,W1W 8QW,51.5163814,-0.1407169,APPROXIMATE
Ryman,Old Brompton Road,London,Greater London,W8 6SA,51.4929934,-0.1767887,ROOFTOP
Ryman,Strand,London,Greater London,WC2R 0QN,51.5091149,-0.1254347,APPROXIMATE
Ryman,Tottenham Court Road,London,Greater London,W1T 2EX,51.520248,-0.1344766,APPROXIMATE
Ryman, , , ,W1F 8ZZ, , , 
Ryman,King's Road,London,Greater London,SW3 5ES,51.4837163,-0.1765259,APPROXIMATE
Ryman,High Street,Hounslow,Greater London,TW3 1BL,51.4687041,-0.3614446,APPROXIMATE
Ryman,Queen Street,Cardiff,Cardiff,CF10 2BY,51.4813492,-3.1772933,APPROXIMATE
Ryman,Saint Mary's Road,Market Harborough,Leicestershire,LE16 7DR,52.4774156,-0.9187977,APPROXIMATE
Ryman,Newgate Street,Bishop Auckland,County Durham,DL14 7EG,54.6644661,-1.6751458,APPROXIMATE
Ryman,High Street,Durham,County Durham,DH1 3UL,54.7768111,-1.5744251,APPROXIMATE
Ryman,Oxford Street,Harrogate,North Yorkshire,HG1 1PP,53.9940558,-1.5422197,APPROXIMATE
Ryman,Elephant Yard Shopping Road,Kendal,Cumbria,LA9 4LR,54.329023,-2.7465572,APPROXIMATE
Ryman,High Street West,Sunderland,Tyne and Wear,SR1 3DH,54.9071026,-1.3846791,APPROXIMATE
Ryman,Parade,Leamington Spa,Warwickshire,CV32 4AQ,52.289882,-1.5359778,APPROXIMATE
Ryman,Cornhill,Bury Saint Edmunds,Suffolk,IP33 1BE,52.2448316,0.7117508,APPROXIMATE
Ryman,Fore Street,Exeter,Devon,EX4 3AX,50.7222623,-3.5334502,APPROXIMATE
Ryman,London Street,Norwich,Norfolk,NR2 1HL,52.6300145,1.2964087,APPROXIMATE
Ryman,High Street,Northallerton,North Yorkshire,DL7 8LW,54.3404751,-1.4352816,APPROXIMATE
Ryman,Tavern Street,Ipswich,Suffolk,IP1 3BB,52.0586693,1.1540978,APPROXIMATE
Ryman,Castle Meadow,Norwich,Norfolk,NR1 3DD,52.62662,1.2959021,APPROXIMATE
Ryman,Newton Street,Grantham,Lincolnshire,NG31 6EE,52.9102064,-0.6428688,APPROXIMATE
Ryman,Cibi Walk,Abergavenny,Monmouthshire,NP7 5AJ,51.823871,-3.0191661,APPROXIMATE
Ryman,High Street,Barnstaple,Devon,EX31 1BZ,51.0816964,-4.0608907,APPROXIMATE
Ryman,Dalton Road,Barrow-in-Furness,Cumbria,LA14 1HZ,54.1125043,-3.2257144,APPROXIMATE
Ryman,Queen Street,Darlington,Darlington,DL3 6SL,54.5268202,-1.5551488,APPROXIMATE
Ryman,Old Brompton Road,London,Greater London,G74 1LB,51.4929934,-0.1767887,ROOFTOP
Ryman,High Street,Falkirk,Falkirk,FK1 1DU,55.9986673,-3.7819135,APPROXIMATE
Ryman,High Street,Kirkcaldy,Fife,KY1 1JW,56.1108928,-3.1579878,APPROXIMATE
Ryman,Almondvale South,Livingston,West Lothian,EH54 6HR,55.8837571,-3.5149849,APPROXIMATE
Ryman,New George Street,Plymouth,Plymouth,PL1 1RX,50.3715682,-4.1456119,APPROXIMATE
Ryman,White Rose Centre,Rhyl,Denbighshire,LL18 1EW,53.3217774,-3.490258,APPROXIMATE
Ryman,Old Brompton Road,London,Greater London,S80 1JL,51.4929934,-0.1767887,ROOFTOP
Ryman,Carolgate,Retford,Nottinghamshire,DN22 6BZ,53.3217429,-0.9419569,APPROXIMATE
Ryman,New Street,Huddersfield,West Yorkshire,HD1 2AX,53.6460965,-1.7822367,APPROXIMATE
Ryman,Fulham Road,London,Greater London,SW10 9PJ,51.4858361,-0.1815833,APPROXIMATE
Ryman,Baker Street,London,Greater London,W1U 6TN,51.520778,-0.1566243,APPROXIMATE
Ryman,Ramillies Place,London,Greater London,W1S 1YA,51.5141704,-0.1424932,APPROXIMATE
Ryman,Old Brompton Road,London,Greater London,L2 5RF,51.4929934,-0.1767887,ROOFTOP
Ryman,Putney High Street,London,Greater London,SW15 1SS,51.4629546,-0.2158199,APPROXIMATE
Ryman,Peascod Street,Windsor,Windsor and Maidenhead,SL4 1DN,51.4813695,-0.6099042,ROOFTOP
Ryman,Chequer Street,St Albans,Hertfordshire,AL1 3YJ,51.7513644,-0.3397761,APPROXIMATE
Ryman,High Street,Bedford,Bedford,MK40 1NT,52.1372735,-0.4669265,APPROXIMATE
Ryman,The Town,Enfield,Greater London,EN2 6LU,51.6523786,-0.0812208,APPROXIMATE
Ryman, , , ,SW19 7NX, , , 
Ryman,The Malls,Basingstoke,Hampshire,RG21 7JT,51.2651393,-1.0865248,APPROXIMATE
Ryman,High Street,Guildford,Surrey,GU1 3AW,51.236897,-0.5693828,APPROXIMATE
Ryman,High Street,Epsom,Surrey,KT19 8AH,51.3342884,-0.2648768,APPROXIMATE
Ryman,Old Brompton Road,London,Greater London,W4 5TF,51.4929934,-0.1767887,ROOFTOP
Ryman,Old Brompton Road,London,Greater London,B2 5BG,51.4929934,-0.1767887,ROOFTOP
Ryman,Old Brompton Road,London,Greater London,W11 3HT,51.4929934,-0.1767887,ROOFTOP
Ryman,High Street,Barnet,Greater London,EN5 5XP,51.6557327,-0.2016668,APPROXIMATE
Ryman,Queen Street,Oxford,Oxfordshire,OX1 1ER,51.7518524,-1.2592136,APPROXIMATE
Ryman,Apple Market House,Kingston upon Thames,Greater London,KT1 1JH,51.4096241,-0.3057822,APPROXIMATE
Ryman,High Street,Sutton,Greater London,SM1 1JF,51.3631701,-0.1933267,APPROXIMATE
Ryman,Station Road,Edgware,Greater London,HA8 7JG,51.6137994,-0.2764387,APPROXIMATE
Ryman,High Street,Bracknell,Bracknell Forest,RG12 1EA,51.4164175,-0.7500311,APPROXIMATE
Ryman,Old Brompton Road,London,Greater London,B72 1PD,51.4929934,-0.1767887,ROOFTOP
Ryman,High Street,Banbury,Oxfordshire,OX16 5DZ,52.0616244,-1.3353916,APPROXIMATE
Ryman,Westgate Street,Bath,Bath and North East Somerset,BA1 1EQ,51.3813397,-2.3614147,APPROXIMATE
Ryman,Witton Street,Northwich,Cheshire West and Chester,CW9 5DE,53.262062,-2.5136095,APPROXIMATE
Ryman,Chestergate,Macclesfield,Cheshire East,SK11 6BA,53.2606386,-2.1268874,APPROXIMATE
Ryman,,Derby,Derby,DE1 2PG,52.9190941,-1.4722468,APPROXIMATE
Ryman,Station Street,Burton-on-Trent,Staffordshire,DE14 1AN,52.8030899,-1.6306601,APPROXIMATE
Ryman,Old Brompton Road,London,Greater London,M4 2HU,51.4929934,-0.1767887,ROOFTOP
Ryman,Foregate Street,Chester,Cheshire West and Chester,CH1 1HB,53.1915598,-2.8833649,APPROXIMATE
Ryman,Southwater Way,Telford,Telford and Wrekin,TF3 4DE,52.6748896,-2.446972,APPROXIMATE
Ryman,Nottingham Street,Melton Mowbray,Leicestershire,LE13 1NW,52.7658162,-0.8872736,APPROXIMATE
Ryman,High Street,Nottingham,Derbyshire,NG10 1LN,52.8970184,-1.2689794,APPROXIMATE
Ryman,Tulketh Street,Southport,Merseyside,PR8 1AG,53.645858,-3.0039167,APPROXIMATE
Ryman, , , ,BL1 1NG, , , 
Ryman,,Brierley Hill,West Midlands,DY5 1SS,52.4824898,-2.1112619,APPROXIMATE
Ryman,Newdegate Street,Nuneaton,Warwickshire,CV11 4EL,52.5232935,-1.4676562,APPROXIMATE
Ryman,The Wheatsheaf Centre,Rochdale,Greater Manchester,OL16 1JZ,53.6184818,-2.15564,APPROXIMATE
Ryman,,Wigan,Greater Manchester,WN1 1AT,53.5473448,-2.6316384,APPROXIMATE
Ryman,Orchard Street,Burton-on-Trent,Staffordshire,DE14 3TN,52.8006453,-1.6337214,APPROXIMATE
Ryman,Lagrange Arcade,Saint Helens,Merseyside,WA10 1BN,53.4519943,-2.7367304,APPROXIMATE
Ryman,Saint Nicholas Arcades,Lancaster,Lancashire,LA1 1ND,54.0493324,-2.7991145,APPROXIMATE
Ryman,Market Place,Oldham,Greater Manchester,OL1 1JG,53.5417946,-2.1153093,APPROXIMATE
Ryman,The Mall,Luton,Luton,LU1 2TE,51.8787148,-0.4126555,APPROXIMATE
Ryman,Eden Street,Kingston upon Thames,Greater London,KT1 1BJ,51.4097638,-0.3048712,APPROXIMATE
Ryman,New Market Street,Chorley,Lancashire,PR7 1DE,53.6533289,-2.629606,APPROXIMATE
Ryman,Manning Walk,Rugby,Warwickshire,CV21 2JT,52.3735295,-1.2636223,APPROXIMATE
Ryman,Saint Anns Road,Harrow,Greater London,HA1 1HS,51.581446,-0.338846,APPROXIMATE
Ryman,Cannock Shopping Centre,Cannock,Staffordshire,WS11 1WS,52.6902656,-2.0305083,APPROXIMATE
Ryman,Queensmead,Farnborough,Hampshire,GU14 7RL,51.2917836,-0.7556982,APPROXIMATE
Ryman,The Hart Centre,Fleet,Hampshire,GU51 3LA,51.2807873,-0.8417231,APPROXIMATE
Ryman,Grace Reynolds Walk,Camberley,Surrey,GU15 3SN,51.3379858,-0.7456045,APPROXIMATE
Ryman,Central Arcade,Wolverhampton,West Midlands,WV1 3ET,52.5840232,-2.1274591,APPROXIMATE
Ryman,Old Brompton Road,London,Greater London,B61 8AQ,51.4929934,-0.1767887,ROOFTOP
Ryman,The Rock,Bury,Greater Manchester,BL9 0JP,53.5940566,-2.2958638,APPROXIMATE
Ryman,High Street,Chatham,Medway,ME4 4AN,51.3811289,0.5275732,APPROXIMATE
Ryman,Eign Street,Hereford,Herefordshire,HR4 0AB,52.0563484,-2.7189558,APPROXIMATE
Ryman,Albion Street,Leeds,West Yorkshire,LS2 8DY,53.8000471,-1.5456398,APPROXIMATE
Ryman,Pad's Hill,Maidstone,Kent,ME15 6AT,51.2726433,0.5252695,APPROXIMATE
Ryman,Friargate,Preston,Lancashire,PR1 2NQ,53.7589264,-2.701792,APPROXIMATE
Ryman,High Street,Southend-on-Sea,Southend-on-Sea,SS1 1JX,51.5395025,0.7127947,APPROXIMATE
Ryman,Prince's Street,Stockport,Greater Manchester,SK1 1RY,53.4119213,-2.1611119,APPROXIMATE
Ryman,Park Mall,Walsall,West Midlands,WS1 1YS,52.5844596,-1.9841497,APPROXIMATE
Ryman,Greenoaks Centre,Widnes,Halton,WA8 6UB,53.3676414,-2.7239121,APPROXIMATE
Ryman,University Road,Leicester,Leicester,LE1 7RH,52.6219193,-1.1238104,APPROXIMATE
Ryman,Old Brompton Road,London,Greater London,W5 2XA,51.4929934,-0.1767887,ROOFTOP
Ryman,Old Brompton Road,London,Greater London,G1 3QS,51.4929934,-0.1767887,ROOFTOP
Ryman,Old Brompton Road,London,Greater London,G12 8TN,51.4929934,-0.1767887,ROOFTOP
Ryman,Grove Street,Wilmslow,Cheshire East,SK9 1DR,53.3272766,-2.2314341,APPROXIMATE
Ryman,High Street,Dumfries,Dumfries and Galloway,DG1 2BA,55.0695567,-3.6114971,APPROXIMATE
Ryman,Stafford Street,Stoke-on-Trent,Stoke-on-Trent,ST1 1JU,53.0250832,-2.1761241,APPROXIMATE
Ryman,Old Brompton Road,London,Greater London,S1 4PB,51.4929934,-0.1767887,ROOFTOP
Ryman,Promenade,Cheltenham,Gloucestershire,GL50 1LN,51.9008211,-2.0755737,APPROXIMATE
Ryman,Wide Bargate,Boston,Lincolnshire,PE21 6SE,52.9817967,-0.018813,APPROXIMATE
Ryman,Southampton Row,London,Greater London,WC1B 4BB,51.5202713,-0.1218488,APPROXIMATE
Ryman,Old Brompton Road,London,Greater London,N10 3PR,51.4929934,-0.1767887,ROOFTOP
Ryman,Long Acre,London,Greater London,WC2E 9JD,51.5139108,-0.1228022,APPROXIMATE
Ryman,Old Brompton Road,London,Greater London,W6 9YD,51.4929934,-0.1767887,ROOFTOP
Ryman,King's Road,London,Greater London,SW3 4UT,51.4891014,-0.1654789,APPROXIMATE
Ryman,Old Brompton Road,London,Greater London,SW7 3LQ,51.4929934,-0.1767887,ROOFTOP
Ryman,Hampstead High Street,London,Greater London,NW3 1QG,51.5565423,-0.1780145,APPROXIMATE
Ryman,Borough High Street,London,Greater London,SE1 1NF,51.5043787,-0.0897764,ROOFTOP
Ryman,Old Brompton Road,London,Greater London,SW7 4QT,51.4929934,-0.1767887,ROOFTOP
Ryman,High Street,Bromley,Greater London,BR1 1LE,51.4013903,0.0166012,APPROXIMATE
Ryman,Nicolson Street,Edinburgh,Edinburgh,EH8 9BE,55.9469748,-3.1861882,APPROXIMATE
Ryman,Old Brompton Road,London,Greater London,N1 1QN,51.4929934,-0.1767887,ROOFTOP
Ryman,Montpelier Vale,London,Greater London,SE3 0TA,51.4668579,0.0087458,APPROXIMATE
Ryman,High Street,Orpington,Greater London,BR6 0LW,51.3772416,0.1006941,APPROXIMATE
Cheque King,Longbrook Street,Exeter,Devon,EX4 6AW,50.7277071,-3.5269969,APPROXIMATE
Cheque King,Belgrave Road,Torquay,Torbay,TQ2 5HZ,50.4685352,-3.5397961,APPROXIMATE
Cheque King,High Street,Taunton,Somerset,TA1 3PN,51.0125827,-3.1035848,APPROXIMATE
Space Maker,Roseville Road,Leeds,West Yorkshire,LS8 5DT,53.8080373,-1.5269816,APPROXIMATE
Space Maker,Saint Modwen Road,Plymouth,Plymouth,PL6 8LH,50.3959055,-4.0908925,APPROXIMATE
Space Maker,Wallisdown Road,Bournemouth,Bournemouth,BH11 8PT,50.7530384,-1.9288003,APPROXIMATE
Space Maker,Compass Road,Portsmouth,Portsmouth,PO6 4BQ,50.8471953,-1.0916696,APPROXIMATE
Space Maker,Gatton Park Business Centre,Redhill,Surrey,RH1 3DR,51.2573473,-0.1560739,APPROXIMATE
Space Maker,Bryant Avenue,Romford,Greater London,RM3 0AP,51.5916071,0.2178113,APPROXIMATE
Access Self Storage,Acre Lane,London,Greater London,SW2 5UA,51.459475,-0.1281891,APPROXIMATE
Access Self Storage,Bromley Road,London,Greater London,W3 7QS,51.4355458,-0.0188572,ROOFTOP
Access Self Storage,Ealing Road,Wembley,Greater London,HA0 1BH,51.5377572,-0.2996155,APPROXIMATE
Access Self Storage,Boundaries Road,London,Greater London,SW12 8EU,51.4431488,-0.155694,APPROXIMATE
Access Self Storage,Kingsbridge Road,Barking,Greater London,IG11 0BD,51.5272722,0.0889809,APPROXIMATE
Access Self Storage,Rankine Road,Basingstoke,Hampshire,RG24 8PH,51.2768932,-1.0729586,APPROXIMATE
Access Self Storage,York Road,London,Greater London,SW11 3SJ,51.4648079,-0.1813396,APPROXIMATE
Access Self Storage,Bromley Road,London,Greater London,B5 7EH,51.4355458,-0.0188572,ROOFTOP
Access Self Storage,Bromley Road,London,Greater London,W7 3SA,51.4355458,-0.0188572,ROOFTOP
Access Self Storage,Oyster Lane,West Byfleet,Surrey,KT14 7JF,51.3447679,-0.4792872,APPROXIMATE
Access Self Storage,Trafalgar Way,Camberley,Surrey,GU15 3BN,51.3328562,-0.771525,APPROXIMATE
Access Self Storage,Brixton Hill,London,Greater London,SW2 1HF,51.447709,-0.1245831,APPROXIMATE
Access Self Storage,Read Street,Coventry,West Midlands,CV1 5PT,52.4086393,-1.497644,APPROXIMATE
Access Self Storage,Roman Road,London,Greater London,NW2 6GH,51.5622048,-0.2200172,APPROXIMATE
Access Self Storage,Gloucester Road,Croydon,Greater London,CR0 2DB,51.3839332,-0.0895241,APPROXIMATE
Access Self Storage,Osmaston Park Road,Derby,Derby,DE24 8BT,52.8965993,-1.4694875,APPROXIMATE
Access Self Storage,Bromley Road,London,Greater London,W13 0AS,51.4355458,-0.0188572,ROOFTOP
Access Self Storage,Bromley Road,London,Greater London,N18 3BA,51.4355458,-0.0188572,ROOFTOP
Access Self Storage,Bromley Road,London,Greater London,B24 9PP,51.4355458,-0.0188572,ROOFTOP
Access Self Storage,Effie Road,London,Greater London,SW6 1EN,51.4794417,-0.1966709,APPROXIMATE
Access Self Storage,Moorfield Road,Guildford,Surrey,GU1 1RU,51.2600182,-0.5643656,APPROXIMATE
Access Self Storage,Neptune Road,Harrow,Greater London,HA1 4HY,51.5809363,-0.3486069,APPROXIMATE
Access Self Storage,Nestles Avenue,Hayes,Greater London,UB3 4UZ,51.5021585,-0.4213354,APPROXIMATE
Access Self Storage,Bromley Road,London,Greater London,N8 9DJ,51.4355458,-0.0188572,ROOFTOP
Access Self Storage,London Road,Isleworth,Greater London,TW7 4EY,51.4736352,-0.3456736,APPROXIMATE
Access Self Storage,Bromley Road,London,Greater London,N1 7ED,51.4355458,-0.0188572,ROOFTOP
Access Self Storage,Belgrove Street,London,Greater London,WC1H 8AA,51.5298222,-0.1230272,APPROXIMATE
Access Self Storage,Coombe Road,Kingston upon Thames,Greater London,KT2 7AZ,51.4126607,-0.2833377,APPROXIMATE
Access Self Storage,Bromley Road,London,Greater London,M22 4RW,51.4355458,-0.0188572,ROOFTOP
Access Self Storage,Morden Road,Mitcham,Greater London,CR4 4DG,51.3989476,-0.1791083,APPROXIMATE
Access Self Storage,Dudden Hill Lane,London,Greater London,NW10 1BJ,51.5535752,-0.2434912,APPROXIMATE
Access Self Storage,Tollgate Way,Northampton,Northamptonshire,NN5 5TW,52.2380359,-0.9389164,APPROXIMATE
Access Self Storage,Queen's Road,Nottingham,Nottinghamshire,NG2 3AS,52.9465581,-1.1423141,APPROXIMATE
Access Self Storage,Cray Avenue,Orpington,Greater London,BR5 3QB,51.3907664,0.1092337,APPROXIMATE
Access Self Storage,Herbert Street,Portsmouth,Portsmouth,PO1 4QR,50.8073199,-1.0891644,APPROXIMATE
Access Self Storage,Whitestone Way,Croydon,Greater London,CR0 4WF,51.3737833,-0.1174762,APPROXIMATE
Access Self Storage,Portman Road,Reading,Reading,RG30 1EA,51.4611407,-0.9989293,APPROXIMATE
Access Self Storage,Southend Arterial Road,Romford,Greater London,RM3 0BX,51.5901309,0.2183602,APPROXIMATE
Access Self Storage,Bromley Road,London,Greater London,B29 6SN,51.4355458,-0.0188572,ROOFTOP
Access Self Storage,Third Avenue,Southampton,Southampton,SO15 0LD,50.913697,-1.4506861,APPROXIMATE
Access Self Storage,Ashley Road,St Albans,Hertfordshire,AL1 5JR,51.7492695,-0.3057656,APPROXIMATE
Access Self Storage,Gunnels Wood Road,Stevenage,Hertfordshire,SG1 2GR,51.8951976,-0.2067718,APPROXIMATE
Access Self Storage,Windmill Road,Sunbury-on-Thames,Surrey,TW16 7HT,51.4151423,-0.4315393,APPROXIMATE
Access Self Storage,Westmead Road,Sutton,Greater London,SM1 4JD,51.366353,-0.1799275,APPROXIMATE
Access Self Storage,Rugby Road,Twickenham,Greater London,TW1 1DG,51.4559041,-0.3388012,APPROXIMATE
Access Self Storage,Merton Road,London,Greater London,SW18 5EB,51.4489069,-0.1992559,APPROXIMATE
Access Self Storage,Mirage Centre First Way,Wembley,Greater London,HA9 0JD,51.5575767,-0.2743959,APPROXIMATE
Access Self Storage,Norwood Road,London,Greater London,SE27 9DQ,51.4370035,-0.1047489,APPROXIMATE
Access Self Storage,Willow Walk,London,Greater London,SE1 5SF,51.4941046,-0.0792021,APPROXIMATE
Access Self Storage,Gresham Way,London,Greater London,SW19 8DW,51.4363727,-0.1964253,APPROXIMATE
Access Self Storage,Woolwich Road,London,Greater London,SE7 8LJ,51.4924694,0.0446327,APPROXIMATE
Gol Football Centre,Lawrenny Avenue,Cardiff,Cardiff,CF11 8BR,51.4752449,-3.2072301,APPROXIMATE
Gol Football Centre, , , ,NP19 4BR, , , 
Storage King,Storage King,Oxford,Oxfordshire,B71 4JZ,51.7281182,-1.1995187,ROOFTOP
Storage King,King Storage,Nottingham,Nottinghamshire,NG7 7NQ,52.972088,-1.17478,ROOFTOP
Homebase,Purdeys Way,Rochford,Essex,SS4 1NE,51.5767828,0.7185513,APPROXIMATE
Homebase,Davidson Way,Romford,Greater London,RM7 0AJ,51.570856,0.1825709,APPROXIMATE
Homebase,Leicester Road,Rugby,Warwickshire,CV21 1SR,52.3886653,-1.2586832,APPROXIMATE
Homebase,Crown Road,Ruislip,Greater London,HA4 0AJ,51.556098,-0.3879209,APPROXIMATE
Homebase,High Road,Ilford,Greater London,IG3 8RS,51.5653721,0.1047086,APPROXIMATE
Homebase,Vestry Road,Sevenoaks,Kent,TN14 5EW,51.2988366,0.1935702,APPROXIMATE
Homebase,The Wall,Sittingbourne,Kent,ME10 2XD,51.3448372,0.7349841,APPROXIMATE
Homebase,Twinches Lane,Slough,Slough,SL1 5AD,51.5131376,-0.6233204,APPROXIMATE
Homebase,London Road,East Grinstead,West Sussex,B90 4QY,51.1291313,-0.0149094,ROOFTOP
Homebase,London Road,Southend-on-Sea,Southend-on-Sea,SS1 1PA,51.5420735,0.7050583,APPROXIMATE
Homebase,Hudson Close,St Albans,Hertfordshire,AL1 2RJ,51.7417388,-0.3413891,APPROXIMATE
Homebase,Santena House,St Albans,Hertfordshire,AL4 0JJ,51.7505451,-0.2796843,APPROXIMATE
Homebase,The Causeway,Staines,Surrey,TW18 3AP,51.4325605,-0.5193596,APPROXIMATE
Homebase,Woodgate Drive,London,Greater London,SW16 5YP,51.41596,-0.134411,APPROXIMATE
Homebase,London Road,East Grinstead,West Sussex,B78 3JD,51.1291313,-0.0149094,ROOFTOP
Homebase,Cannon Lane,Tonbridge,Kent,TN9 1PQ,51.1976252,0.2838465,APPROXIMATE
Homebase,Linden Park Road,Tunbridge Wells,Kent,TN2 5QL,51.1241759,0.256955,APPROXIMATE
Homebase,High Street,Waltham Cross,Hertfordshire,EN8 7BE,51.6912151,-0.0343642,APPROXIMATE
Homebase,London Road,East Grinstead,West Sussex,E17 4EE,51.1291313,-0.0149094,ROOFTOP
Homebase,Ashley Park Avenue,Walton-on-Thames,Surrey,KT12 1XA,51.383726,-0.4217204,APPROXIMATE
Homebase,Emscote Road,Warwick,Warwickshire,CV34 4QP,52.2856767,-1.5722751,APPROXIMATE
Homebase,High Road,London,Greater London,NW10 2JH,51.5486001,-0.2451396,APPROXIMATE
Homebase,Weir Road,London,Greater London,SW19 8UG,51.4358859,-0.1910923,APPROXIMATE
Homebase,Broadway,Woking,Surrey,GU21 2QT,51.3120148,-0.6252871,APPROXIMATE
Homebase,Bristol Road,Weston-super-Mare,North Somerset,BS22 6BT,51.3600248,-2.9074965,APPROXIMATE
Homebase,Weedon Road,Northampton,Northamptonshire,NN5 5DE,52.239929,-0.928665,APPROXIMATE
Homebase,Homebase Ltd,Harrow,Greater London,HA3 6HF,51.6053358,-0.3396144,ROOFTOP
Robert Dyas,High Holborn,London,Greater London,WC1V 6DR,51.5184939,-0.111962,APPROXIMATE
Robert Dyas,Queensmere Road,Slough,Slough,SL1 1DG,51.5090884,-0.5908948,ROOFTOP
Robert Dyas,Saint George's Street,Winchester,Hampshire,SO23 8AR,51.0625686,-1.313489,APPROXIMATE
Robert Dyas,Marlowes,Hemel Hempstead,Hertfordshire,HP1 1BJ,51.7488913,-0.4730556,APPROXIMATE
Robert Dyas,High Street,Dorking,Surrey,RH4 1AY,51.2317286,-0.331804,APPROXIMATE
Robert Dyas,Saint Peter's Street,St Albans,Hertfordshire,AL1 3DY,51.7537133,-0.3380094,APPROXIMATE
The Travel House,High Street,Ilfracombe,Devon,BS20 6EN,51.2022459,-4.0287771,ROOFTOP
The Travel House,High Street,Ilfracombe,Devon,SA15 1UU,51.2022459,-4.0287771,ROOFTOP
The Travel House,High Street,Ilfracombe,Devon,CF34 9DF,51.2022459,-4.0287771,ROOFTOP
The Travel House,High Street,Ilfracombe,Devon,CF47 8ED,51.2022459,-4.0287771,ROOFTOP
The Travel House,Brynhyfryd Street,Swansea,Swansea,SA5 9EB,51.6447534,-3.9456533,ROOFTOP
The Travel House,High Street,Ilfracombe,Devon,SA4 1SZ,51.2022459,-4.0287771,ROOFTOP
The Travel House,High Street,Ilfracombe,Devon,SA8 1HU,51.2022459,-4.0287771,ROOFTOP
The Travel House,High Street,Ilfracombe,Devon,SA3 4AS,51.2022459,-4.0287771,ROOFTOP
The Travel House,High Street,Ilfracombe,Devon,SA11 1RS,51.2022459,-4.0287771,ROOFTOP
Stadium Self Storage,Alexandra Court,York,York,YO10 3DP,53.9575803,-1.0665047,APPROXIMATE
Stadium Self Storage,Sticker Lane,Bradford,West Yorkshire,BD4 8QD,53.7864058,-1.7197083,APPROXIMATE
Stadium Self Storage,Dellmey House,Huddersfield,West Yorkshire,HD1 6PX,53.6540253,-1.7731935,APPROXIMATE
Safe Depot,Russell Road,Birkenhead,Merseyside,CH42 1RP,53.3761669,-3.0092861,APPROXIMATE
Safe Depot,George Street West,Blackburn,Blackburn with Darwen,BB2 1PQ,53.7454652,-2.4940456,APPROXIMATE
Safe Depot,New Bridge Gardens,Bury,Greater Manchester,BL9 9QP,53.5723089,-2.2978561,APPROXIMATE
Cartridge World ,Nantwich Road,Crewe,Cheshire East,B79 7PD,53.0881169,-2.4431274,ROOFTOP
64 Computers ,Cricklewood Lane,London,Greater London,NW2 2QJ,51.5628661,-0.197946,APPROXIMATE
Access Self Storage,Tripple Two Centre Tannery Close,Beckenham,Greater London,BR3 4BY,51.394711,-0.0515711,APPROXIMATE
Ainsdale Fones and Computing,Liverpool Road,Southport,Merseyside,PR8 3LU,53.602462,-3.034381,APPROXIMATE
Angelic Superstore,Carter's Green,West Bromwich,West Midlands,B70 9LW,52.523833,-2.0038327,APPROXIMATE
Angels Beauty,Upper Street,London,Greater London,E12 5AQ,51.541316,-0.1030941,ROOFTOP
Armstrong House, Finance & Asset Leasing,First Avenue,Doncaster,South Yorkshire,DN9 3GA,53.4881721,-1.0121084,APPROXIMATE
Asian Union Express & Travel Ltd,West Hendon Broadway,London,Greater London,NW9 7AA,51.5759864,-0.2376484,APPROXIMATE
Barnet Travel,Hendon Lane,London,Greater London,N3 2BU,51.5997815,-0.1961142,ROOFTOP
Barretts Self Storage,Hampden House Monument,Oxford,Oxfordshire,OX44 7RW,51.6706056,-1.0648734,APPROXIMATE
BB Stores (Spar),Newport Road,Barnstaple,Devon,EX32 9BG,51.0720434,-4.0482853,APPROXIMATE
Blackwells,Boode Road,Braunton,Devon,E10 5QN,51.114554,-4.1509527,ROOFTOP
Brentwood Off Licence,High Street,Brentwood,Essex,CM14 4AN,51.6198307,0.3012153,APPROXIMATE
Brockley Superstore,Brockley Road,London,Greater London,SE4 2RA,51.4591867,-0.0342009,APPROXIMATE
Brynymor Digital Press,Brynymor Road,Swansea,Swansea,SA1 4JQ,51.6164244,-3.9581464,APPROXIMATE
Burgess World Travel Ltd,The Kingsway,Swansea,Swansea,SA1 5JY,51.6204358,-3.9472967,APPROXIMATE
Business Bureau,Calow Lane,Chesterfield,Derbyshire,G84 7PG,53.2205941,-1.4060127,ROOFTOP
Cape Hill Bureau De Change,Cape Hill,Smethwick,West Midlands,B66 4SF,52.4869045,-1.9590021,APPROXIMATE
Cardiff Union Services Ltd,Senghennydd Road,Cardiff,Cardiff,CF10 3QN,51.4884151,-3.1774609,APPROXIMATE
City Address,Kilburn High Road,London,Greater London,M40 9WB,51.5426886,-0.199309,ROOFTOP
City Store,Denton Car Park Malden Crescent,London,Greater London,NW1 8BS,51.5450921,-0.150248,APPROXIMATE
Cole Valley News & Off Licence,Cole Valley Road,Birmingham,West Midlands,B28 0DG,52.4276523,-1.8562131,APPROXIMATE
Crown Travel UK Ltd,Carlisle Road,Bradford,West Yorkshire,BD8 8BY,53.805177,-1.7727743,APPROXIMATE
Crystal Services,Perry Vale,London,Greater London,SE23 2NE,51.4392472,-0.0518202,APPROXIMATE
Cybercafe,Rose Lane,Liverpool,Merseyside,W13 9DA,53.3787237,-2.9159315,ROOFTOP
Cybercafe.com,Uxbridge Road,Hayes,Greater London,UB4 0RL ,51.5225155,-0.4198964,APPROXIMATE
DFS Logistics LTD,Randlesdown Road,London,Greater London,SE6 3BT,51.4327113,-0.0202602,APPROXIMATE
Dhari Newsagents,Harehills Road,Leeds,West Yorkshire,LS8 5LE,53.8105165,-1.5175684,APPROXIMATE
Digipix,New Cross Road,London,Greater London,SE14 5DG,51.4748566,-0.0463146,APPROXIMATE
Direct Point Logistics Ltd,Sedgley Street,Wolverhampton,West Midlands,WV2 3AJ,52.574107,-2.127873,APPROXIMATE
Durham Students' Union,New Elvet,Durham,County Durham,DH1 3AN,54.7733422,-1.57185,APPROXIMATE
Easydial,Radford Road,Nottingham,Nottinghamshire,NG7 5FU,52.9649936,-1.1699105,APPROXIMATE
Easydial,Westbourne Road,Bedford,Bedford,MK40 4LB,52.1327474,-0.4854475,APPROXIMATE
Eurocom Inc LTD,London Street,London,Greater London,W2 1HL,51.5153833,-0.1744976,APPROXIMATE
Eurograph,Newport Business Centre Corporation Road,Newport,Newport,NP19 4RF,51.5720392,-2.971259,APPROXIMATE
Everest Cash & Carry,London Road,Camberley,Surrey,GU15 3JA,51.3346692,-0.7652178,APPROXIMATE
Exact Digital Print,Walworth Road,London,Greater London,SE17 1RL,51.4887075,-0.0956482,APPROXIMATE
Express Cargo Uk Ltd,Chorlton Road,Manchester,Greater Manchester,M15 4AL,53.4627692,-2.2583789,APPROXIMATE
Flywell Services UK Ltd,Albert Road,Birmingham,West Midlands,B21 9JT,52.5082468,-1.9385322,APPROXIMATE
Folkestone Storage,Foord Road North,Folkestone,Kent,CT19 5AB,51.0850272,1.1777407,APPROXIMATE
Footeprints,East Street,Bridport,Dorset,DT6 3LJ,50.7331036,-2.7552786,APPROXIMATE
Formby Fones and Computing,Liverpool Road,Liverpool,Merseyside,L37 6BT,53.5503623,-3.0550862,APPROXIMATE
Forward Estates,Talbot Road,Leyland,Lancashire,B21 9LN,53.6992835,-2.7109881,ROOFTOP
Global Xchange,Strand,London,Greater London,M19 3AW,51.5103356,-0.1223347,ROOFTOP
GMB Travels Ltd,Maxwell Road,Glasgow,Glasgow City,G41 1TD,55.8440785,-4.273842,APPROXIMATE
Golden Xpress General Trading,Stratford Road,Birmingham,West Midlands,B11 1AN,52.4661713,-1.8773869,APPROXIMATE
Goulds Heswall, , , ,CH60 0AW, , , 
Green Motion Car and Van Rental,Black Lion Hill,Northampton,Northamptonshire,NN1 1SP,52.2374713,-0.9065951,APPROXIMATE
Haji Travel,Washwood Heath Road,Birmingham,West Midlands,B8 2HB,52.4937814,-1.8345676,APPROXIMATE
HG Crisp,High Street,Saxmundham,Suffolk,IP17 1AF,52.2147441,1.4918811,APPROXIMATE
Holcombe Store,West Road,Radstock,Bath and North East Somerset,BA3 5DP,51.2929252,-2.4784459,ROOFTOP
Internet Cafe,Roman Road,London,Greater London,E3 5LX,51.5321107,-0.0346273,ROOFTOP
J Howells,Hitchin Street,Biggleswade,Central Bedfordshire,SG18 8AX,52.0857637,-0.2652901,APPROXIMATE
Kay Ventures UK Ltd,Stanley Road,Liverpool,Merseyside,L5 7QD,53.4331059,-2.9852572,APPROXIMATE
King's Cross Computer Centre,Gray's Inn Road,London,Greater London,WC1X 8PX,51.5303478,-0.1215927,APPROXIMATE
Krystals Express,Cannon Street,London,Greater London,EC4N 6AE,51.5117135,-0.0914031,APPROXIMATE
M V Supermarket,Eastham Road,Nottingham,Nottinghamshire,NG5 6QX,52.9986711,-1.107026,APPROXIMATE
Manchester Cartridges ,Cartridge Close,Manchester,Greater Manchester,M41 9JG,53.3829631,-2.2487646,GEOMETRIC_CENTER
Miraj Internet Cafe,London Street,Reading,Reading,RG1 4QA,51.451164,-0.9672708,APPROXIMATE
MNA ENTERPRISES LTD,Wednesbury Road,Walsall,West Midlands,WS2 9QL,52.5734571,-1.9964006,APPROXIMATE
Mobilia,High Street,Bangor,Gwynedd,LL57 1NY,53.2261075,-4.126527,APPROXIMATE
Need To Store,Pinbush Road,Lowestoft,Suffolk,NR33 7NL,52.4470275,1.7155793,APPROXIMATE
Newsround,High Street,Gosport,Hampshire,PO12 1BX,50.7953206,-1.124004,APPROXIMATE
Ocean Green Venture LTD,Brownhill Road,London,Greater London,SE6 1AE,51.4452794,-0.0041313,APPROXIMATE
Oceans Travel,Dale Road,Derby,Derby,DE23 6QW,52.907149,-1.4828892,APPROXIMATE
Off The Wall,Off the Wall,Portsmouth,Portsmouth,B15 2TT,50.816239,-1.0791956,ROOFTOP
Pacific Interlink,Uxbridge Road,London,Greater London,W12 7LL,51.5066464,-0.2340713,APPROXIMATE
Parcel Post Depot LTD,Lancaster Road,High Wycombe,Buckinghamshire,HP12 3NN,51.6193635,-0.7686154,APPROXIMATE
PDQ Print Services,Commercial Street,Dundee,Dundee City,DD1 2AF,56.4623983,-2.9697975,APPROXIMATE
Phone Bazzar,Uppingham Road,Leicester,Leicester,LE5 4BQ,52.6420026,-1.0926987,APPROXIMATE
Phunkmedia Ltd,Onslow Road,Southampton,Southampton,SO14 0JD,50.913328,-1.3994682,APPROXIMATE
Pickpackpost.net,Longden Coleham,Shrewsbury,Shropshire,SY3 7DN,52.7043785,-2.7478409,APPROXIMATE
Pink Enterprise,Helen Street,London,Greater London,SE18 6EP,51.4893587,0.0697021,APPROXIMATE
Pinnacle Data Management Limited,Witham Road,Witham,Essex,CM8 3ET,51.7902566,0.6717269,APPROXIMATE
Plymouth Self Storage Depository,Elliot Road,Plymouth,Plymouth,PL4 0SB,50.3690089,-4.116935,APPROXIMATE
Plymouth Self Storage Garden Close,Garden Close,Plymouth,Devon,PL7 5EU,50.387442,-4.0144682,APPROXIMATE
Post Shop,Salisbury Road,Cardiff,Cardiff,CF24 4AA,51.4878759,-3.1738463,APPROXIMATE
Priyas,High Street,Kingston upon Thames,Greater London,KT1 4DG,51.4140114,-0.3125658,APPROXIMATE
QSG Business Centre,Plumstead High Street,London,Greater London,SE18 1SL,51.4886316,0.0883953,APPROXIMATE
Quick Stop Shopping,Endwell Road,London,Greater London,SE4 2NF,51.4660873,-0.0381515,APPROXIMATE
Sameday Snaps,London Road,Mitcham,Greater London,CR4 3HD,51.4068009,-0.1643029,APPROXIMATE
Samir Art,Chalvey Road West,Slough,Slough,SL1 2PN,51.5066805,-0.6049848,APPROXIMATE
Sara Shipping,Green Lane Road,Leicester,Leicester,LE5 3TP,52.6391424,-1.1043437,APPROXIMATE
Sheba Internet Cafe & Money transfer,Lodge Lane,Liverpool,Merseyside,L8 0QF,53.3940904,-2.9490908,APPROXIMATE
Skyline Travel,Foleshill Road,Coventry,West Midlands,CV6 5AN,52.4286926,-1.4989016,APPROXIMATE
Smallworths,Addington Road,South Croydon,Greater London,CR2 8LD,51.3444176,-0.0604394,APPROXIMATE
Solos Solutions Ltd,County Road,Liverpool,Merseyside,L4 3QD,53.4407998,-2.9710579,APPROXIMATE
Sonia Locke,Beckenham Road,Beckenham,Greater London,BR3 4RH,51.4094075,-0.0425343,APPROXIMATE
Squarefoot Self Storage,Central Way,Andover,Hampshire,SP10 5AN,51.2165157,-1.4518884,APPROXIMATE
Stargate Network LTD,High Road Leytonstone,London,Greater London,E11 3HU,51.5537674,0.0053456,APPROXIMATE
Stp Business Centre,Camps Road,Haverhill,Suffolk,CB9 8HB,52.0826947,0.4369792,APPROXIMATE
Taj Traders,West Green Road,London,Greater London,N15 5NN,51.5841169,-0.0729833,APPROXIMATE
TC Links Ltd,Prescot Road,Liverpool,Merseyside,L7 0LA,53.4126463,-2.9430648,APPROXIMATE
The Delivery Shop.co.uk,Leicester Road,Loughborough,Leicestershire,LE12 7AJ,52.7283348,-1.1375239,APPROXIMATE
The Storage Place Ltd,Junction Street,Hyde,Greater Manchester,SK14 4QN,53.4651563,-2.0871897,APPROXIMATE
Uni-Link (UK) LTD,Plashet Road,London,Greater London,E13 0QU,51.5377388,0.0327312,APPROXIMATE
United Worldwide Travel Ltd,Seven Sisters Road,London,Greater London,N4 3NG,51.5630348,-0.1086748,APPROXIMATE
University of South Wales SU,Centre for Sport, Health and Exercise,Pontypridd,Rhondda Cynon Taff,CF37 1UF,51.587789,-3.3285474,APPROXIMATE
University of South Wales SU, , , ,NP19 3QT, , , 
UOE,University of Edinburgh,Edinburgh,Edinburgh,N2 9ED,55.9493918,-3.1796292,ROOFTOP
Vicom Mart,Maddock Way,London,Greater London,SE17 3NH,51.48272,-0.1029549,APPROXIMATE
Village Store,Main Street,Leicester,Leicestershire,LE7 9LF,52.6420208,-0.9024625,APPROXIMATE
Voicelink,Victoria Road,Middlesbrough,Middlesbrough,TS1 3HU,54.569283,-1.2306785,APPROXIMATE
Warminster Information Centre,Three Horseshoes Walk,Warminster,Wiltshire,BA12 9BT,51.2053132,-2.1800493,APPROXIMATE
Western Cash and Carry,Western Road,Southall,Greater London,UB2 5JW,51.4986228,-0.3927301,APPROXIMATE
Wharley End Garage,Wharley End Cranfield University,Bedford,Central Bedfordshire,MK43 0AW,52.0732386,-0.6352692,APPROXIMATE
Woo Sang Supermarket,George Street,Manchester,Greater Manchester,M1 4HE,53.4790498,-2.2399295,APPROXIMATE
Woolpit Health Centre,Heath Road,Bury Saint Edmunds,Suffolk,IP30 9QU,52.222763,0.894107,APPROXIMATE
Your Self Store,Hyssop Close,Cannock,Staffordshire,WS11 7XA,52.6969037,-2.0076517,APPROXIMATE